Source ID,Make,Model,Model Year,Document Type,Document Title,Source Organization,Source URL,Access Date,Local Cached Filename,File Hash,Parsing Status,Candidates Supported,Notes
SRC-001,,,,Government certification dataset,EPA FuelEconomy.gov Vehicle Fuel Economy Dataset,EPA,https://www.fueleconomy.gov/feg/epadata/vehicles.csv,2026-07-18,,,Parsed,0,Cached at catalog_data/cache/epa_vehicles.csv (SHA-256 recorded in import logs).
SRC-002,Acura,MDX,2017-2020,Manufacturer press release,Acura Electrifies SUV Lineup with Powerful and Efficient 2017 MDX Sport Hybrid (official press release; inspected 2026-07-18),"Acura (American Honda Motor Co., Inc.)",https://acuranews.com/en-US/releases/release-ecb7d1f3ec084c759f624ced3dcc1d43-acura-electrifies-suv-lineup-with-powerful-and-efficient-2017-mdx-sport-hybrid,2026-07-18,,,Inspected,2,Official designation is 'MDX Sport Hybrid' (2017-2020); the recall-string residual 'Sport' is a fragment of this sub-model name.
SRC-003,Acura,TSX,2011-2012,Manufacturer press release,Acura TSX Receives Numerous Updates and All-New Sport Wagon Model for 2011 (official press release),"Acura (American Honda Motor Co., Inc.)",https://acuranews.com/en-US/releases/release-164e42d0f9a640e79f8dee69077ba28a-acura-tsx-receives-numerous-updates-and-all-new-sport-wagon-model-for,2026-07-18,,,Inspected,1,"Official designation 'TSX Sport Wagon', announced by Acura as an all-new model variant for 2011."
SRC-004,GMC,Acadia,2013-2017,Manufacturer newsroom release,GMC Newsroom: 'GMC celebrates 25 years of Denali as sales reach 2 million vehicles' - Denali described as GMC's premium trim level (newsroom inspected 2026-07-18); Acadia Denali lineage confirmed by 'GMC introduces first ever Acadia Denali Ultimate for 2026',GMC (General Motors),https://news.gmc.com,2026-07-18,,,Inspected,1,Denali is GMC's official premium trim; Acadia Denali offered from MY2011 onward - candidate years 2013-2017 are within that range.
SRC-005,GMC,Sierra 1500,2022,Manufacturer communication (located via trade press),"2022 Sierra 1500 Limited model-year designation, announced via GMC Truck Communications (as quoted by GM Authority trade coverage); NHTSA recall products name 'SIERRA 1500 LIMITED' directly",GMC (GMC Truck Communications),https://gmauthority.com/blog/2021/07/refreshed-2022-gmc-sierra-1500-delayed-limited-model-to-be-introduced/,2026-07-18,,,Inspected,1,Official GMC carryover model-year designation for MY2022 only; not a trim level (its own trims were Pro/SLE/Elevation/SLT/AT4/Denali).
SRC-006,Genesis,G80,2018-2019,Manufacturer press release,Genesis Debuts 2018 G80 Sport Trim with 3.3-Liter Turbocharged Engine and Performance Styling (official Genesis newsroom),Genesis Motor America,https://www.genesisnewsusa.com/en-us/releases/18,2026-07-18,,,Inspected,1,Official release names the 'G80 Sport trim' explicitly (also styled '3.3T Sport'); US retail deliveries from May 2017 (MY2018).
SRC-007,Porsche,Panamera,2023,Manufacturer press release,Elegant and exclusive: Panamera Platinum Edition (Porsche Newsroom USA),Porsche Cars North America,https://newsroom.porsche.com/en_US/2021/products/porsche-panamera-platinum-edition-special-series-26366.html,2026-07-18,,,Inspected,1,Official special-series designation 'Platinum Edition' (US MY2022-2023); candidate year 2023 within range.
SRC-008,Porsche,Panamera,2018; 2020-2021,Manufacturer press kit,Porsche Newsroom Panamera press kit (Sport Turismo body variant),Porsche Cars North America,https://newsroom.porsche.com/en/press-kits/panamera.html,2026-07-18,,,Inspected,1,"The recall-string residual 'Sport' is a fragment of 'Sport Turismo', Porsche's official body variant of the Panamera - a body style, not a trim."
SRC-009,Volkswagen,Arteon,2021-2022,Manufacturer trim nomenclature,"Volkswagen US Arteon trim nomenclature (SE, SEL R-Line, SEL Premium R-Line)",Volkswagen of America,https://media.vw.com,2026-07-18,,,Inspected,1,'PREMIUM' is a fragment of the official 'SEL Premium R-Line' trim name and is not a standalone trim; rejected as a source artifact.
