Standard Make,Standard Model,Standard Sub-model or Variant,Classification Type,Confirmed Model Years,First Confirmed Model Year,Last Confirmed Model Year,Non-Contiguous Year Segments,Lifecycle Status,Vehicle Category,Market,Validation Status,Primary Source Name,Primary Source URL,Secondary Source Name,Secondary Source URL,Source Access Date,Catalog Origin,Present in Original Source,Raw Source Value,Notes
Acura,Integra,A-Spec,Trim,2023-2026,2023,2026,1,Active,Passenger Car,United States,Government Verified,EPA FuelEconomy.gov Vehicle Fuel Economy Dataset,https://www.fueleconomy.gov/feg/epadata/vehicles.csv,,,2026-07-18,Added - External Research (V2),No,Integra A-Spec,Value explicit in EPA certification model strings; observed in 4 model year(s).
Acura,MDX,A-Spec,Trim,2019-2020,2019,2020,1,Discontinued,SUV/Crossover,United States,Government Verified,EPA FuelEconomy.gov Vehicle Fuel Economy Dataset,https://www.fueleconomy.gov/feg/epadata/vehicles.csv,,,2026-07-18,Added - External Research (V2),No,MDX AWD A-SPEC,Value explicit in EPA certification model strings; observed in 2 model year(s).
Acura,MDX,Type S,Trim,2022-2026,2022,2026,1,Active,SUV/Crossover,United States,Fully Verified,EPA FuelEconomy.gov Vehicle Fuel Economy Dataset,https://www.fueleconomy.gov/feg/epadata/vehicles.csv,NHTSA Product Information Catalog (vehicle products API),https://api.nhtsa.gov/products/vehicle/models?modelYear=2022&make=ACURA&issueType=r,2026-07-18,Added - External Research (V2),No,MDX AWD Type-S,Value explicit in EPA certification model strings and NHTSA recall records; observed in 5 model year(s).
Acura,RDX,A-Spec,Trim,2019-2026,2019,2026,1,Active,SUV/Crossover,United States,Government Verified,EPA FuelEconomy.gov Vehicle Fuel Economy Dataset,https://www.fueleconomy.gov/feg/epadata/vehicles.csv,,,2026-07-18,Added - External Research (V2),No,RDX AWD A-SPEC,Value explicit in EPA certification model strings; observed in 8 model year(s).
Acura,TLX,A-Spec,Trim,2018-2025,2018,2025,1,Active,Passenger Car,United States,Government Verified,EPA FuelEconomy.gov Vehicle Fuel Economy Dataset,https://www.fueleconomy.gov/feg/epadata/vehicles.csv,,,2026-07-18,Added - External Research (V2),No,TLX AWD A-SPEC,Value explicit in EPA certification model strings; observed in 8 model year(s).
Acura,TLX,Type S,Trim,2021-2025,2021,2025,1,Active,Passenger Car,United States,Fully Verified,EPA FuelEconomy.gov Vehicle Fuel Economy Dataset,https://www.fueleconomy.gov/feg/epadata/vehicles.csv,NHTSA Product Information Catalog (vehicle products API),https://api.nhtsa.gov/products/vehicle/models?modelYear=2021&make=ACURA&issueType=r,2026-07-18,Added - External Research (V2),No,TLX TYPE S,Value explicit in EPA certification model strings and NHTSA recall records; observed in 5 model year(s).
Acura,ZDX,Type S,Trim,2024; 2026,2024,2026,2,Active,SUV/Crossover,United States,Government Verified,EPA FuelEconomy.gov Vehicle Fuel Economy Dataset,https://www.fueleconomy.gov/feg/epadata/vehicles.csv,,,2026-07-18,Added - External Research (V2),No,ZDX AWD Type S,Value explicit in EPA certification model strings; observed in 2 model year(s).
Aston Martin,DB-7,GT,Trim,2003,2003,2003,1,Discontinued,Passenger Car,United States,Government Verified,EPA FuelEconomy.gov Vehicle Fuel Economy Dataset,https://www.fueleconomy.gov/feg/epadata/vehicles.csv,,,2026-07-18,Added - External Research (V2),No,DB-7 GT Coupe,Value explicit in EPA certification model strings; observed in 1 model year(s).
Aston Martin,Vantage,GT,Trim,2015-2016,2015,2016,1,Discontinued,Passenger Car,United States,Government Verified,EPA FuelEconomy.gov Vehicle Fuel Economy Dataset,https://www.fueleconomy.gov/feg/epadata/vehicles.csv,,,2026-07-18,Added - External Research (V2),No,Vantage GT,Value explicit in EPA certification model strings; observed in 2 model year(s).
Audi,Coupe,GT,Trim,1984-1987,1984,1987,1,Discontinued,Passenger Car,United States,Fully Verified,EPA FuelEconomy.gov Vehicle Fuel Economy Dataset,https://www.fueleconomy.gov/feg/epadata/vehicles.csv,NHTSA Product Information Catalog (vehicle products API),https://api.nhtsa.gov/products/vehicle/models?modelYear=1984&make=AUDI&issueType=r,2026-07-18,Added - External Research (V2),No,COUPE GT,Value explicit in EPA certification model strings and NHTSA recall records; observed in 4 model year(s).
Audi,e-tron GT,RS,Trim,2022-2026,2022,2026,1,Active,Passenger Car,United States,Fully Verified,EPA FuelEconomy.gov Vehicle Fuel Economy Dataset,https://www.fueleconomy.gov/feg/epadata/vehicles.csv,NHTSA Product Information Catalog (vehicle products API),https://api.nhtsa.gov/products/vehicle/models?modelYear=2022&make=AUDI&issueType=r,2026-07-18,Added - External Research (V2),No,AUDI RS E-TRON GT,Value explicit in EPA certification model strings and NHTSA recall records; observed in 5 model year(s).
Audi,R8,GT,Trim,2023,2023,2023,1,Discontinued,Passenger Car,United States,Government Verified,EPA FuelEconomy.gov Vehicle Fuel Economy Dataset,https://www.fueleconomy.gov/feg/epadata/vehicles.csv,,,2026-07-18,Added - External Research (V2),No,R8 GT RWD,Value explicit in EPA certification model strings; observed in 1 model year(s).
Audi,S e-tron,GT,Trim,2025-2026,2025,2026,1,Active,Passenger Car,United States,Fully Verified,EPA FuelEconomy.gov Vehicle Fuel Economy Dataset,https://www.fueleconomy.gov/feg/epadata/vehicles.csv,NHTSA Product Information Catalog (vehicle products API),https://api.nhtsa.gov/products/vehicle/models?modelYear=2025&make=AUDI&issueType=r,2026-07-18,Added - External Research (V2),No,S E-TRON GT,Value explicit in EPA certification model strings and NHTSA recall records; observed in 2 model year(s).
BMW,3 Series,Sport,Trim,2001-2010; 2012,2001,2012,2,Discontinued,Passenger Car,United States,Government Verified,EPA FuelEconomy.gov Vehicle Fuel Economy Dataset,https://www.fueleconomy.gov/feg/epadata/vehicles.csv,,,2026-07-18,Added - External Research (V2),No,325i Sport Wagon,Value explicit in EPA certification model strings; observed in 11 model year(s).
BMW,3 Series,Touring,Trim,2000,2000,2000,1,Discontinued,Passenger Car,United States,Government Verified,EPA FuelEconomy.gov Vehicle Fuel Economy Dataset,https://www.fueleconomy.gov/feg/epadata/vehicles.csv,,,2026-07-18,Added - External Research (V2),No,323i Touring,Value explicit in EPA certification model strings; observed in 1 model year(s).
BMW,5 Series,GT,Trim,2010-2016,2010,2016,1,Discontinued,Passenger Car,United States,Fully Verified,EPA FuelEconomy.gov Vehicle Fuel Economy Dataset,https://www.fueleconomy.gov/feg/epadata/vehicles.csv,NHTSA Product Information Catalog (vehicle products API),https://api.nhtsa.gov/products/vehicle/models?modelYear=2010&make=BMW&issueType=r,2026-07-18,Added - External Research (V2),No,5 SERIES GT,Value explicit in EPA certification model strings and NHTSA recall records; observed in 7 model year(s).
BMW,5 Series,Sport,Trim,2000-2003; 2006-2010,2000,2010,2,Discontinued,Passenger Car,United States,Fully Verified,EPA FuelEconomy.gov Vehicle Fuel Economy Dataset,https://www.fueleconomy.gov/feg/epadata/vehicles.csv,NHTSA Product Information Catalog (vehicle products API),https://api.nhtsa.gov/products/vehicle/models?modelYear=2000&make=BMW&issueType=r,2026-07-18,Added - External Research (V2),No,5 SERIES SPORT WAGON,Value explicit in EPA certification model strings and NHTSA recall records; observed in 9 model year(s).
BMW,5 Series,Touring,Trim,1992-1995; 1999,1992,1999,2,Discontinued,Passenger Car,United States,Government Verified,EPA FuelEconomy.gov Vehicle Fuel Economy Dataset,https://www.fueleconomy.gov/feg/epadata/vehicles.csv,,,2026-07-18,Added - External Research (V2),No,525i Touring,Value explicit in EPA certification model strings; observed in 5 model year(s).
BMW,M4,GTS,Trim,2016,2016,2016,1,Discontinued,Passenger Car,United States,Government Verified,EPA FuelEconomy.gov Vehicle Fuel Economy Dataset,https://www.fueleconomy.gov/feg/epadata/vehicles.csv,,,2026-07-18,Added - External Research (V2),No,M4 GTS,Value explicit in EPA certification model strings; observed in 1 model year(s).
BMW,M5,Touring,Trim,2025-2026,2025,2026,1,Active,Passenger Car,United States,Government Verified,EPA FuelEconomy.gov Vehicle Fuel Economy Dataset,https://www.fueleconomy.gov/feg/epadata/vehicles.csv,,,2026-07-18,Added - External Research (V2),No,M5 Touring,Value explicit in EPA certification model strings; observed in 2 model year(s).
Bentley,Continental,GT,Trim,2004-2010; 2012-2018; 2020-2026,2004,2026,3,Active,Passenger Car,United States,Fully Verified,EPA FuelEconomy.gov Vehicle Fuel Economy Dataset,https://www.fueleconomy.gov/feg/epadata/vehicles.csv,NHTSA Product Information Catalog (vehicle products API),https://api.nhtsa.gov/products/vehicle/models?modelYear=2004&make=BENTLEY&issueType=r,2026-07-18,Added - External Research (V2),No,CONTINENTAL GT,Value explicit in EPA certification model strings and NHTSA recall records; observed in 21 model year(s).
Chevrolet,Blazer EV,SS,Trim,2025-2026,2025,2026,1,Active,SUV/Crossover,United States,Government Verified,EPA FuelEconomy.gov Vehicle Fuel Economy Dataset,https://www.fueleconomy.gov/feg/epadata/vehicles.csv,,,2026-07-18,Added - External Research (V2),No,Blazer EV AWD SS,Value explicit in EPA certification model strings; observed in 2 model year(s).
Chevrolet,Chevy Van (G-Series),Sport,Trim,1984-1993,1984,1993,1,Discontinued,Van,United States,Government Verified,EPA FuelEconomy.gov Vehicle Fuel Economy Dataset,https://www.fueleconomy.gov/feg/epadata/vehicles.csv,,,2026-07-18,Added - External Research (V2),No,G10/20 Sport Van 2WD,Value explicit in EPA certification model strings; observed in 10 model year(s).
Chevrolet,Cobalt,SS,Trim,2010,2010,2010,1,Discontinued,Passenger Car,United States,Government Verified,EPA FuelEconomy.gov Vehicle Fuel Economy Dataset,https://www.fueleconomy.gov/feg/epadata/vehicles.csv,,,2026-07-18,Added - External Research (V2),No,Cobalt SS Coupe,Value explicit in EPA certification model strings; observed in 1 model year(s).
Chevrolet,Cruze,Limited,Trim,2016,2016,2016,1,Discontinued,Passenger Car,United States,Fully Verified,EPA FuelEconomy.gov Vehicle Fuel Economy Dataset,https://www.fueleconomy.gov/feg/epadata/vehicles.csv,NHTSA Product Information Catalog (vehicle products API),https://api.nhtsa.gov/products/vehicle/models?modelYear=2016&make=CHEVROLET&issueType=r,2026-07-18,Added - External Research (V2),No,CRUZE LIMITED,Value explicit in EPA certification model strings and NHTSA recall records; observed in 1 model year(s).
Chevrolet,Impala,Limited,Trim,2014-2016,2014,2016,1,Discontinued,Passenger Car,United States,Fully Verified,EPA FuelEconomy.gov Vehicle Fuel Economy Dataset,https://www.fueleconomy.gov/feg/epadata/vehicles.csv,NHTSA Product Information Catalog (vehicle products API),https://api.nhtsa.gov/products/vehicle/models?modelYear=2014&make=CHEVROLET&issueType=r,2026-07-18,Added - External Research (V2),No,IMPALA LIMITED,Value explicit in EPA certification model strings and NHTSA recall records; observed in 3 model year(s).
Chevrolet,Malibu,Limited,Trim,2016,2016,2016,1,Discontinued,Passenger Car,United States,Fully Verified,EPA FuelEconomy.gov Vehicle Fuel Economy Dataset,https://www.fueleconomy.gov/feg/epadata/vehicles.csv,NHTSA Product Information Catalog (vehicle products API),https://api.nhtsa.gov/products/vehicle/models?modelYear=2016&make=CHEVROLET&issueType=r,2026-07-18,Added - External Research (V2),No,MALIBU LIMITED,Value explicit in EPA certification model strings and NHTSA recall records; observed in 1 model year(s).
Chevrolet,Sonic,RS,Trim,2013-2016,2013,2016,1,Discontinued,Passenger Car,United States,Government Verified,EPA FuelEconomy.gov Vehicle Fuel Economy Dataset,https://www.fueleconomy.gov/feg/epadata/vehicles.csv,,,2026-07-18,Added - External Research (V2),No,Sonic 5 RS,Value explicit in EPA certification model strings; observed in 4 model year(s).
Chevrolet,Traverse,Limited,Trim,2024,2024,2024,1,Discontinued,SUV/Crossover,United States,Government Verified,EPA FuelEconomy.gov Vehicle Fuel Economy Dataset,https://www.fueleconomy.gov/feg/epadata/vehicles.csv,,,2026-07-18,Added - External Research (V2),No,Traverse Limited AWD,Value explicit in EPA certification model strings; observed in 1 model year(s).
Dodge,Challenger,GT,Trim,2017-2019,2017,2019,1,Discontinued,Passenger Car,United States,Government Verified,EPA FuelEconomy.gov Vehicle Fuel Economy Dataset,https://www.fueleconomy.gov/feg/epadata/vehicles.csv,,,2026-07-18,Added - External Research (V2),No,Challenger GT,Value explicit in EPA certification model strings; observed in 3 model year(s).
Dodge,Dart,GT,Trim,2014-2016,2014,2016,1,Discontinued,Passenger Car,United States,Government Verified,EPA FuelEconomy.gov Vehicle Fuel Economy Dataset,https://www.fueleconomy.gov/feg/epadata/vehicles.csv,,,2026-07-18,Added - External Research (V2),No,Dart GT,Value explicit in EPA certification model strings; observed in 3 model year(s).
Ferrari,456,GT,Trim,1995,1995,1995,1,Discontinued,Passenger Car,United States,Government Verified,EPA FuelEconomy.gov Vehicle Fuel Economy Dataset,https://www.fueleconomy.gov/feg/epadata/vehicles.csv,,,2026-07-18,Added - External Research (V2),No,Ferrari 456 GT,Value explicit in EPA certification model strings; observed in 1 model year(s).
Fisker,Ocean,Sport,Trim,2024,2024,2024,1,Discontinued,SUV/Crossover,United States,Government Verified,EPA FuelEconomy.gov Vehicle Fuel Economy Dataset,https://www.fueleconomy.gov/feg/epadata/vehicles.csv,,,2026-07-18,Added - External Research (V2),No,Ocean Sport 20in,Value explicit in EPA certification model strings; observed in 1 model year(s).
Ford,Bronco,Raptor,Sub-model,2022-2026,2022,2026,1,Active,SUV/Crossover,United States,Government Verified,EPA FuelEconomy.gov Vehicle Fuel Economy Dataset,https://www.fueleconomy.gov/feg/epadata/vehicles.csv,,,2026-07-18,Added - External Research (V2),No,Bronco Raptor 4WD,Value explicit in EPA certification model strings; observed in 5 model year(s).
Ford,Bronco,Badlands,Trim,2021-2026,2021,2026,1,Active,SUV/Crossover,United States,Government Verified,EPA FuelEconomy.gov Vehicle Fuel Economy Dataset,https://www.fueleconomy.gov/feg/epadata/vehicles.csv,,,2026-07-18,Added - External Research (V2),No,Bronco Badlands 4WD,Value explicit in EPA certification model strings; observed in 6 model year(s).
Ford,Bronco,Black Diamond,Trim,2021-2024,2021,2024,1,Discontinued,SUV/Crossover,United States,Government Verified,EPA FuelEconomy.gov Vehicle Fuel Economy Dataset,https://www.fueleconomy.gov/feg/epadata/vehicles.csv,,,2026-07-18,Added - External Research (V2),No,Bronco Black Diamond 4WD,Value explicit in EPA certification model strings; observed in 4 model year(s).
Ford,Bronco,Outer Banks,Trim,2025-2026,2025,2026,1,Active,SUV/Crossover,United States,Government Verified,EPA FuelEconomy.gov Vehicle Fuel Economy Dataset,https://www.fueleconomy.gov/feg/epadata/vehicles.csv,,,2026-07-18,Added - External Research (V2),No,Bronco Outer Banks 4WD,Value explicit in EPA certification model strings; observed in 2 model year(s).
Ford,Expedition,Timberline,Trim,2022-2024,2022,2024,1,Discontinued,SUV/Crossover,United States,Government Verified,EPA FuelEconomy.gov Vehicle Fuel Economy Dataset,https://www.fueleconomy.gov/feg/epadata/vehicles.csv,,,2026-07-18,Added - External Research (V2),No,Expedition Timberline AWD,Value explicit in EPA certification model strings; observed in 3 model year(s).
Ford,Explorer,Platinum,Trim,2022-2023,2022,2023,1,Discontinued,SUV/Crossover,United States,Government Verified,EPA FuelEconomy.gov Vehicle Fuel Economy Dataset,https://www.fueleconomy.gov/feg/epadata/vehicles.csv,,,2026-07-18,Added - External Research (V2),No,Explorer Platinum HEV AWD,Value explicit in EPA certification model strings; observed in 2 model year(s).
Ford,Explorer,Timberline,Trim,2021-2024,2021,2024,1,Discontinued,SUV/Crossover,United States,Government Verified,EPA FuelEconomy.gov Vehicle Fuel Economy Dataset,https://www.fueleconomy.gov/feg/epadata/vehicles.csv,,,2026-07-18,Added - External Research (V2),No,Explorer Timberline AWD,Value explicit in EPA certification model strings; observed in 4 model year(s).
Ford,F-150,Lightning,Sub-model,1994-1995; 2000,1994,2000,2,Discontinued,Pickup Truck,United States,Government Verified,EPA FuelEconomy.gov Vehicle Fuel Economy Dataset,https://www.fueleconomy.gov/feg/epadata/vehicles.csv,,,2026-07-18,Added - External Research (V2),No,Lightning F150 2WD,Value explicit in EPA certification model strings; observed in 3 model year(s).
Ford,F-150,Raptor,Sub-model,2011-2014; 2017-2026,2011,2026,2,Active,Pickup Truck,United States,Government Verified,EPA FuelEconomy.gov Vehicle Fuel Economy Dataset,https://www.fueleconomy.gov/feg/epadata/vehicles.csv,,,2026-07-18,Added - External Research (V2),No,F150 RAPTOR 37 4WD,Value explicit in EPA certification model strings; observed in 14 model year(s).
Ford,F-150,Limited,Trim,2019-2020,2019,2020,1,Discontinued,Pickup Truck,United States,Government Verified,EPA FuelEconomy.gov Vehicle Fuel Economy Dataset,https://www.fueleconomy.gov/feg/epadata/vehicles.csv,,,2026-07-18,Added - External Research (V2),No,F150 Pickup 2WD Limited,Value explicit in EPA certification model strings; observed in 2 model year(s).
Ford,F-150,SE,Trim,2007-2008,2007,2008,1,Discontinued,Pickup Truck,United States,Government Verified,EPA FuelEconomy.gov Vehicle Fuel Economy Dataset,https://www.fueleconomy.gov/feg/epadata/vehicles.csv,,,2026-07-18,Added - External Research (V2),No,F150 STX SE 2WD,Value explicit in EPA certification model strings; observed in 2 model year(s).
Ford,F-150,STX,Trim,2007-2008,2007,2008,1,Discontinued,Pickup Truck,United States,Government Verified,EPA FuelEconomy.gov Vehicle Fuel Economy Dataset,https://www.fueleconomy.gov/feg/epadata/vehicles.csv,,,2026-07-18,Added - External Research (V2),No,F150 STX SE 2WD,Value explicit in EPA certification model strings; observed in 2 model year(s).
Ford,F-150,XL,Trim,2018-2020,2018,2020,1,Discontinued,Pickup Truck,United States,Government Verified,EPA FuelEconomy.gov Vehicle Fuel Economy Dataset,https://www.fueleconomy.gov/feg/epadata/vehicles.csv,,,2026-07-18,Added - External Research (V2),No,F150 Pickup 4WD XL/XLT,Value explicit in EPA certification model strings; observed in 3 model year(s).
Ford,F-150,XLT,Trim,2018-2020,2018,2020,1,Discontinued,Pickup Truck,United States,Government Verified,EPA FuelEconomy.gov Vehicle Fuel Economy Dataset,https://www.fueleconomy.gov/feg/epadata/vehicles.csv,,,2026-07-18,Added - External Research (V2),No,F150 Pickup 4WD XL/XLT,Value explicit in EPA certification model strings; observed in 3 model year(s).
Ford,F-150 Lightning,Platinum,Trim,2022-2025,2022,2025,1,Active,Pickup Truck,United States,Government Verified,EPA FuelEconomy.gov Vehicle Fuel Economy Dataset,https://www.fueleconomy.gov/feg/epadata/vehicles.csv,,,2026-07-18,Added - External Research (V2),No,F-150 Lightning Platinum 4WD,Value explicit in EPA certification model strings; observed in 4 model year(s).
Ford,F-150 Lightning,SR,Trim,2025,2025,2025,1,Active,Pickup Truck,United States,Government Verified,EPA FuelEconomy.gov Vehicle Fuel Economy Dataset,https://www.fueleconomy.gov/feg/epadata/vehicles.csv,,,2026-07-18,Added - External Research (V2),No,F-150 Lightning 4WD SR,Value explicit in EPA certification model strings; observed in 1 model year(s).
Ford,Focus,RS,Trim,2016-2018,2016,2018,1,Discontinued,Passenger Car,United States,Fully Verified,EPA FuelEconomy.gov Vehicle Fuel Economy Dataset,https://www.fueleconomy.gov/feg/epadata/vehicles.csv,NHTSA Product Information Catalog (vehicle products API),https://api.nhtsa.gov/products/vehicle/models?modelYear=2016&make=FORD&issueType=r,2026-07-18,Added - External Research (V2),No,FOCUS RS,Value explicit in EPA certification model strings and NHTSA recall records; observed in 3 model year(s).
Ford,Maverick,Lariat,Trim,2026,2026,2026,1,Active,Pickup Truck,United States,Government Verified,EPA FuelEconomy.gov Vehicle Fuel Economy Dataset,https://www.fueleconomy.gov/feg/epadata/vehicles.csv,,,2026-07-18,Added - External Research (V2),No,Maverick Lariat HEV AWD,Value explicit in EPA certification model strings; observed in 1 model year(s).
Ford,Mustang,Mach 1,Sub-model,2021-2023,2021,2023,1,Discontinued,Passenger Car,United States,Government Verified,EPA FuelEconomy.gov Vehicle Fuel Economy Dataset,https://www.fueleconomy.gov/feg/epadata/vehicles.csv,,,2026-07-18,Added - External Research (V2),No,Mustang Mach 1,Value explicit in EPA certification model strings; observed in 3 model year(s).
Ford,Mustang,Shelby,Sub-model,2016-2022,2016,2022,1,Discontinued,Passenger Car,United States,Government Verified,EPA FuelEconomy.gov Vehicle Fuel Economy Dataset,https://www.fueleconomy.gov/feg/epadata/vehicles.csv,,,2026-07-18,Added - External Research (V2),No,Shelby GT350 Mustang,Value explicit in EPA certification model strings; observed in 7 model year(s).
Ford,Mustang Mach-E,GT,Trim,2021-2026,2021,2026,1,Active,Multiple Categories,United States,Government Verified,EPA FuelEconomy.gov Vehicle Fuel Economy Dataset,https://www.fueleconomy.gov/feg/epadata/vehicles.csv,,,2026-07-18,Added - External Research (V2),No,Mustang Mach-E GT,Value explicit in EPA certification model strings; observed in 6 model year(s).
Ford,Ranger,Raptor,Sub-model,2024-2026,2024,2026,1,Active,Multiple Categories,United States,Government Verified,EPA FuelEconomy.gov Vehicle Fuel Economy Dataset,https://www.fueleconomy.gov/feg/epadata/vehicles.csv,,,2026-07-18,Added - External Research (V2),No,Ranger RAPTOR 4WD,Value explicit in EPA certification model strings; observed in 3 model year(s).
GMC,Acadia,Limited,Trim,2017,2017,2017,1,Discontinued,SUV/Crossover,United States,Fully Verified,EPA FuelEconomy.gov Vehicle Fuel Economy Dataset,https://www.fueleconomy.gov/feg/epadata/vehicles.csv,NHTSA Product Information Catalog (vehicle products API),https://api.nhtsa.gov/products/vehicle/models?modelYear=2017&make=GMC&issueType=r,2026-07-18,Added - External Research (V2),No,ACADIA LIMITED,Value explicit in EPA certification model strings and NHTSA recall records; observed in 1 model year(s).
GMC,Terrain,AT4,Trim,2026,2026,2026,1,Active,SUV/Crossover,United States,Government Verified,EPA FuelEconomy.gov Vehicle Fuel Economy Dataset,https://www.fueleconomy.gov/feg/epadata/vehicles.csv,,,2026-07-18,Added - External Research (V2),No,Terrain AWD  Denali/AT4,Value explicit in EPA certification model strings; observed in 1 model year(s).
GMC,Terrain,Denali,Trim,2026,2026,2026,1,Active,SUV/Crossover,United States,Government Verified,EPA FuelEconomy.gov Vehicle Fuel Economy Dataset,https://www.fueleconomy.gov/feg/epadata/vehicles.csv,,,2026-07-18,Added - External Research (V2),No,Terrain AWD  Denali/AT4,Value explicit in EPA certification model strings; observed in 1 model year(s).
GMC,Yukon,Denali,Trim,1997; 1999; 2002-2003; 2007-2019,1997,2019,4,Discontinued,SUV/Crossover,United States,Fully Verified,EPA FuelEconomy.gov Vehicle Fuel Economy Dataset,https://www.fueleconomy.gov/feg/epadata/vehicles.csv,NHTSA Product Information Catalog (vehicle products API),https://api.nhtsa.gov/products/vehicle/models?modelYear=1997&make=GMC&issueType=r,2026-07-18,Added - External Research (V2),No,YUKON DENALI,Value explicit in EPA certification model strings and NHTSA recall records; observed in 17 model year(s).
Honda,Accord,SE,Trim,1993; 2026,1993,2026,2,Active,Passenger Car,United States,Fully Verified,EPA FuelEconomy.gov Vehicle Fuel Economy Dataset,https://www.fueleconomy.gov/feg/epadata/vehicles.csv,NHTSA Product Information Catalog (vehicle products API),https://api.nhtsa.gov/products/vehicle/models?modelYear=1993&make=HONDA&issueType=r,2026-07-18,Added - External Research (V2),No,ACCORD SE 4-DR,Value explicit in EPA certification model strings and NHTSA recall records; observed in 2 model year(s).
Honda,Accord,Sport,Trim,2018-2026,2018,2026,1,Active,Passenger Car,United States,Government Verified,EPA FuelEconomy.gov Vehicle Fuel Economy Dataset,https://www.fueleconomy.gov/feg/epadata/vehicles.csv,,,2026-07-18,Added - External Research (V2),No,Accord 2.0T Sport/Touring,Value explicit in EPA certification model strings; observed in 9 model year(s).
Honda,Accord,Touring,Trim,2018-2026,2018,2026,1,Active,Passenger Car,United States,Government Verified,EPA FuelEconomy.gov Vehicle Fuel Economy Dataset,https://www.fueleconomy.gov/feg/epadata/vehicles.csv,,,2026-07-18,Added - External Research (V2),No,Accord 2.0T Sport/Touring,Value explicit in EPA certification model strings; observed in 9 model year(s).
Honda,Civic,SI,Trim,2002; 2006-2013; 2015-2020; 2022-2025,2002,2025,4,Active,Passenger Car,United States,Fully Verified,EPA FuelEconomy.gov Vehicle Fuel Economy Dataset,https://www.fueleconomy.gov/feg/epadata/vehicles.csv,NHTSA Product Information Catalog (vehicle products API),https://api.nhtsa.gov/products/vehicle/models?modelYear=2002&make=HONDA&issueType=r,2026-07-18,Added - External Research (V2),No,CIVIC SEDAN SI,Value explicit in EPA certification model strings and NHTSA recall records; observed in 19 model year(s).
Honda,Civic,Sport,Trim,2017-2018,2017,2018,1,Discontinued,Passenger Car,United States,Government Verified,EPA FuelEconomy.gov Vehicle Fuel Economy Dataset,https://www.fueleconomy.gov/feg/epadata/vehicles.csv,,,2026-07-18,Added - External Research (V2),No,Civic 5Dr Sport,Value explicit in EPA certification model strings; observed in 2 model year(s).
Honda,Civic,Type R,Trim,2017-2021; 2023-2025,2017,2025,2,Active,Passenger Car,United States,Fully Verified,EPA FuelEconomy.gov Vehicle Fuel Economy Dataset,https://www.fueleconomy.gov/feg/epadata/vehicles.csv,NHTSA Product Information Catalog (vehicle products API),https://api.nhtsa.gov/products/vehicle/models?modelYear=2017&make=HONDA&issueType=r,2026-07-18,Added - External Research (V2),No,CIVIC HATCH TYPE-R,Value explicit in EPA certification model strings and NHTSA recall records; observed in 8 model year(s).
Honda,Insight,Touring,Trim,2019-2022,2019,2022,1,Discontinued,Passenger Car,United States,Government Verified,EPA FuelEconomy.gov Vehicle Fuel Economy Dataset,https://www.fueleconomy.gov/feg/epadata/vehicles.csv,,,2026-07-18,Added - External Research (V2),No,Insight Touring,Value explicit in EPA certification model strings; observed in 4 model year(s).
Honda,Pilot,Touring,Trim,2023-2026,2023,2026,1,Active,SUV/Crossover,United States,Government Verified,EPA FuelEconomy.gov Vehicle Fuel Economy Dataset,https://www.fueleconomy.gov/feg/epadata/vehicles.csv,,,2026-07-18,Added - External Research (V2),No,Pilot AWD Touring/Elite/Black,Value explicit in EPA certification model strings; observed in 4 model year(s).
Honda,Prologue,Touring,Trim,2024-2025,2024,2025,1,Active,SUV/Crossover,United States,Government Verified,EPA FuelEconomy.gov Vehicle Fuel Economy Dataset,https://www.fueleconomy.gov/feg/epadata/vehicles.csv,,,2026-07-18,Added - External Research (V2),No,Prologue AWD Touring,Value explicit in EPA certification model strings; observed in 2 model year(s).
Hyundai,Azera,Limited,Trim,2015-2017,2015,2017,1,Discontinued,Passenger Car,United States,Government Verified,EPA FuelEconomy.gov Vehicle Fuel Economy Dataset,https://www.fueleconomy.gov/feg/epadata/vehicles.csv,,,2026-07-18,Added - External Research (V2),No,Azera Limited,Value explicit in EPA certification model strings; observed in 3 model year(s).
Hyundai,Elantra,Limited,Trim,2014-2016,2014,2016,1,Discontinued,Passenger Car,United States,Government Verified,EPA FuelEconomy.gov Vehicle Fuel Economy Dataset,https://www.fueleconomy.gov/feg/epadata/vehicles.csv,,,2026-07-18,Added - External Research (V2),No,Elantra Limited,Value explicit in EPA certification model strings; observed in 3 model year(s).
Hyundai,Elantra,SE,Trim,2017-2020,2017,2020,1,Discontinued,Passenger Car,United States,Government Verified,EPA FuelEconomy.gov Vehicle Fuel Economy Dataset,https://www.fueleconomy.gov/feg/epadata/vehicles.csv,,,2026-07-18,Added - External Research (V2),No,Elantra SE,Value explicit in EPA certification model strings; observed in 4 model year(s).
Hyundai,Elantra,Touring,Trim,2009-2012,2009,2012,1,Discontinued,Passenger Car,United States,Fully Verified,EPA FuelEconomy.gov Vehicle Fuel Economy Dataset,https://www.fueleconomy.gov/feg/epadata/vehicles.csv,NHTSA Product Information Catalog (vehicle products API),https://api.nhtsa.gov/products/vehicle/models?modelYear=2009&make=HYUNDAI&issueType=r,2026-07-18,Added - External Research (V2),No,ELANTRA TOURING,Value explicit in EPA certification model strings and NHTSA recall records; observed in 4 model year(s).
Hyundai,Santa Fe,Ultimate,Trim,2014-2018,2014,2018,1,Discontinued,SUV/Crossover,United States,Government Verified,EPA FuelEconomy.gov Vehicle Fuel Economy Dataset,https://www.fueleconomy.gov/feg/epadata/vehicles.csv,,,2026-07-18,Added - External Research (V2),No,Santa Fe Ultimate 2WD,Value explicit in EPA certification model strings; observed in 5 model year(s).
Hyundai,Santa Fe Sport,Ultimate,Trim,2015-2018,2015,2018,1,Discontinued,SUV/Crossover,United States,Government Verified,EPA FuelEconomy.gov Vehicle Fuel Economy Dataset,https://www.fueleconomy.gov/feg/epadata/vehicles.csv,,,2026-07-18,Added - External Research (V2),No,Santa Fe Sport Ultimate AWD,Value explicit in EPA certification model strings; observed in 4 model year(s).
Hyundai,Santa Fe XL,Ultimate,Trim,2019,2019,2019,1,Discontinued,SUV/Crossover,United States,Government Verified,EPA FuelEconomy.gov Vehicle Fuel Economy Dataset,https://www.fueleconomy.gov/feg/epadata/vehicles.csv,,,2026-07-18,Added - External Research (V2),No,Santa Fe XL Ultimate AWD,Value explicit in EPA certification model strings; observed in 1 model year(s).
Hyundai,Sonata,Limited,Trim,2013-2017,2013,2017,1,Discontinued,Passenger Car,United States,Government Verified,EPA FuelEconomy.gov Vehicle Fuel Economy Dataset,https://www.fueleconomy.gov/feg/epadata/vehicles.csv,,,2026-07-18,Added - External Research (V2),No,Sonata Hybrid Limited,Value explicit in EPA certification model strings; observed in 5 model year(s).
Hyundai,Sonata,SE,Trim,2016-2019,2016,2019,1,Discontinued,Passenger Car,United States,Government Verified,EPA FuelEconomy.gov Vehicle Fuel Economy Dataset,https://www.fueleconomy.gov/feg/epadata/vehicles.csv,,,2026-07-18,Added - External Research (V2),No,Sonata Hybrid SE,Value explicit in EPA certification model strings; observed in 4 model year(s).
Hyundai,Sonata Sport,Limited,Trim,2015-2017,2015,2017,1,Discontinued,Passenger Car,United States,Government Verified,EPA FuelEconomy.gov Vehicle Fuel Economy Dataset,https://www.fueleconomy.gov/feg/epadata/vehicles.csv,,,2026-07-18,Added - External Research (V2),No,Sonata Sport Limited,Value explicit in EPA certification model strings; observed in 3 model year(s).
Jaguar,F-PACE,SVR,Trim,2021-2026,2021,2026,1,Active,SUV/Crossover,United States,Government Verified,EPA FuelEconomy.gov Vehicle Fuel Economy Dataset,https://www.fueleconomy.gov/feg/epadata/vehicles.csv,,,2026-07-18,Added - External Research (V2),No,F-Pace SVR,Value explicit in EPA certification model strings; observed in 6 model year(s).
Jaguar,F-TYPE,SVR,Trim,2019-2020,2019,2020,1,Discontinued,Passenger Car,United States,Government Verified,EPA FuelEconomy.gov Vehicle Fuel Economy Dataset,https://www.fueleconomy.gov/feg/epadata/vehicles.csv,,,2026-07-18,Added - External Research (V2),No,F-Type SVR AWD Convertible,Value explicit in EPA certification model strings; observed in 2 model year(s).
Jaguar,XJ,Sport,Trim,2002-2003,2002,2003,1,Discontinued,Passenger Car,United States,Government Verified,EPA FuelEconomy.gov Vehicle Fuel Economy Dataset,https://www.fueleconomy.gov/feg/epadata/vehicles.csv,,,2026-07-18,Added - External Research (V2),No,XJ Sport,Value explicit in EPA certification model strings; observed in 2 model year(s).
Jaguar,X-Type,Sport,Trim,2005-2008,2005,2008,1,Discontinued,Passenger Car,United States,Government Verified,EPA FuelEconomy.gov Vehicle Fuel Economy Dataset,https://www.fueleconomy.gov/feg/epadata/vehicles.csv,,,2026-07-18,Added - External Research (V2),No,X-Type Sport Brake,Value explicit in EPA certification model strings; observed in 4 model year(s).
Jeep,Cherokee,Trailhawk,Trim,2014-2023,2014,2023,1,Discontinued,SUV/Crossover,United States,Government Verified,EPA FuelEconomy.gov Vehicle Fuel Economy Dataset,https://www.fueleconomy.gov/feg/epadata/vehicles.csv,,,2026-07-18,Added - External Research (V2),No,Cherokee Trailhawk 4WD,Value explicit in EPA certification model strings; observed in 10 model year(s).
Jeep,Gladiator,Rubicon,Trim,2021,2021,2021,1,Discontinued,Pickup Truck,United States,Government Verified,EPA FuelEconomy.gov Vehicle Fuel Economy Dataset,https://www.fueleconomy.gov/feg/epadata/vehicles.csv,,,2026-07-18,Added - External Research (V2),No,Gladiator Rubicon EcoDiesel 4WD,Value explicit in EPA certification model strings; observed in 1 model year(s).
Jeep,Grand Cherokee,Trackhawk,Trim,2018-2021,2018,2021,1,Discontinued,SUV/Crossover,United States,Fully Verified,EPA FuelEconomy.gov Vehicle Fuel Economy Dataset,https://www.fueleconomy.gov/feg/epadata/vehicles.csv,NHTSA Product Information Catalog (vehicle products API),https://api.nhtsa.gov/products/vehicle/models?modelYear=2018&make=JEEP&issueType=r,2026-07-18,Added - External Research (V2),No,GRAND CHEROKEE TRACKHAWK,Value explicit in EPA certification model strings and NHTSA recall records; observed in 4 model year(s).
Jeep,Renegade,Trailhawk,Trim,2019-2023,2019,2023,1,Discontinued,SUV/Crossover,United States,Government Verified,EPA FuelEconomy.gov Vehicle Fuel Economy Dataset,https://www.fueleconomy.gov/feg/epadata/vehicles.csv,,,2026-07-18,Added - External Research (V2),No,Renegade Trailhawk 4WD,Value explicit in EPA certification model strings; observed in 5 model year(s).
Jeep,Wagoneer,Limited,Trim,1989,1989,1989,1,Discontinued,SUV/Crossover,United States,Government Verified,EPA FuelEconomy.gov Vehicle Fuel Economy Dataset,https://www.fueleconomy.gov/feg/epadata/vehicles.csv,,,2026-07-18,Added - External Research (V2),No,Wagoneer Limited 4WD,Value explicit in EPA certification model strings; observed in 1 model year(s).
Jeep,Wrangler,Rubicon,Trim,2024,2024,2024,1,Discontinued,SUV/Crossover,United States,Government Verified,EPA FuelEconomy.gov Vehicle Fuel Economy Dataset,https://www.fueleconomy.gov/feg/epadata/vehicles.csv,,,2026-07-18,Added - External Research (V2),No,Wrangler Rubicon 2dr 4WD,Value explicit in EPA certification model strings; observed in 1 model year(s).
Karma,Revero,GT,Trim,2020,2020,2020,1,Discontinued,Passenger Car,United States,Government Verified,EPA FuelEconomy.gov Vehicle Fuel Economy Dataset,https://www.fueleconomy.gov/feg/epadata/vehicles.csv,,,2026-07-18,Added - External Research (V2),No,Revero GT (21-inch wheels),Value explicit in EPA certification model strings; observed in 1 model year(s).
Kia,EV6,GT,Trim,2023-2026,2023,2026,1,Active,Multiple Categories,United States,Government Verified,EPA FuelEconomy.gov Vehicle Fuel Economy Dataset,https://www.fueleconomy.gov/feg/epadata/vehicles.csv,,,2026-07-18,Added - External Research (V2),No,EV6 AWD GT,Value explicit in EPA certification model strings; observed in 4 model year(s).
Kia,EV9,GT,Trim,2026,2026,2026,1,Active,SUV/Crossover,United States,Government Verified,EPA FuelEconomy.gov Vehicle Fuel Economy Dataset,https://www.fueleconomy.gov/feg/epadata/vehicles.csv,,,2026-07-18,Added - External Research (V2),No,EV9 GT,Value explicit in EPA certification model strings; observed in 1 model year(s).
Kia,Niro,Touring,Trim,2017-2022,2017,2022,1,Discontinued,Multiple Categories,United States,Government Verified,EPA FuelEconomy.gov Vehicle Fuel Economy Dataset,https://www.fueleconomy.gov/feg/epadata/vehicles.csv,,,2026-07-18,Added - External Research (V2),No,Niro Touring,Value explicit in EPA certification model strings; observed in 6 model year(s).
Lamborghini,Urus,SE,Trim,2025-2026,2025,2026,1,Active,SUV/Crossover,United States,Government Verified,EPA FuelEconomy.gov Vehicle Fuel Economy Dataset,https://www.fueleconomy.gov/feg/epadata/vehicles.csv,,,2026-07-18,Added - External Research (V2),No,Urus SE,Value explicit in EPA certification model strings; observed in 2 model year(s).
Land Rover,Range Rover Sport,SVR,Trim,2018-2022; 2024-2026,2018,2026,2,Active,SUV/Crossover,United States,Government Verified,EPA FuelEconomy.gov Vehicle Fuel Economy Dataset,https://www.fueleconomy.gov/feg/epadata/vehicles.csv,,,2026-07-18,Added - External Research (V2),No,Range Rover Sport SVR,Value explicit in EPA certification model strings; observed in 8 model year(s).
Lotus,Evora,GT,Trim,2020-2021,2020,2021,1,Discontinued,Passenger Car,United States,Government Verified,EPA FuelEconomy.gov Vehicle Fuel Economy Dataset,https://www.fueleconomy.gov/feg/epadata/vehicles.csv,,,2026-07-18,Added - External Research (V2),No,Evora GT,Value explicit in EPA certification model strings; observed in 2 model year(s).
Lucid,Air,GT,Trim,2023,2023,2023,1,Discontinued,Passenger Car,United States,Government Verified,EPA FuelEconomy.gov Vehicle Fuel Economy Dataset,https://www.fueleconomy.gov/feg/epadata/vehicles.csv,,,2026-07-18,Added - External Research (V2),No,Air GT P AWD with 21 inch wheels,Value explicit in EPA certification model strings; observed in 1 model year(s).
Lucid,Air,Touring,Trim,2022-2026,2022,2026,1,Active,Passenger Car,United States,Government Verified,EPA FuelEconomy.gov Vehicle Fuel Economy Dataset,https://www.fueleconomy.gov/feg/epadata/vehicles.csv,,,2026-07-18,Added - External Research (V2),No,Air G Touring AWD w/19 inch wheels,Value explicit in EPA certification model strings; observed in 5 model year(s).
Lucid,Gravity,GT,Trim,2025-2026,2025,2026,1,Active,SUV/Crossover,United States,Government Verified,EPA FuelEconomy.gov Vehicle Fuel Economy Dataset,https://www.fueleconomy.gov/feg/epadata/vehicles.csv,,,2026-07-18,Added - External Research (V2),No,Gravity GT w/20F21R wheels (2R),Value explicit in EPA certification model strings; observed in 2 model year(s).
Lucid,Gravity,Touring,Trim,2026,2026,2026,1,Active,SUV/Crossover,United States,Government Verified,EPA FuelEconomy.gov Vehicle Fuel Economy Dataset,https://www.fueleconomy.gov/feg/epadata/vehicles.csv,,,2026-07-18,Added - External Research (V2),No,Gravity Touring w/20F21R wheels,Value explicit in EPA certification model strings; observed in 1 model year(s).
Maserati,Ghibli,GT,Trim,2022-2024,2022,2024,1,Discontinued,Passenger Car,United States,Government Verified,EPA FuelEconomy.gov Vehicle Fuel Economy Dataset,https://www.fueleconomy.gov/feg/epadata/vehicles.csv,,,2026-07-18,Added - External Research (V2),No,Ghibli GT,Value explicit in EPA certification model strings; observed in 3 model year(s).
Maserati,Grecale,GT,Trim,2023-2024,2023,2024,1,Discontinued,SUV/Crossover,United States,Government Verified,EPA FuelEconomy.gov Vehicle Fuel Economy Dataset,https://www.fueleconomy.gov/feg/epadata/vehicles.csv,,,2026-07-18,Added - External Research (V2),No,Grecale GT,Value explicit in EPA certification model strings; observed in 2 model year(s).
Maserati,Levante,GT,Trim,2022-2024,2022,2024,1,Discontinued,SUV/Crossover,United States,Government Verified,EPA FuelEconomy.gov Vehicle Fuel Economy Dataset,https://www.fueleconomy.gov/feg/epadata/vehicles.csv,,,2026-07-18,Added - External Research (V2),No,Levante GT,Value explicit in EPA certification model strings; observed in 3 model year(s).
Maserati,Quattroporte,GT,Trim,2022-2024,2022,2024,1,Discontinued,Passenger Car,United States,Government Verified,EPA FuelEconomy.gov Vehicle Fuel Economy Dataset,https://www.fueleconomy.gov/feg/epadata/vehicles.csv,,,2026-07-18,Added - External Research (V2),No,Quattroporte GT,Value explicit in EPA certification model strings; observed in 3 model year(s).
Mazda,Mazda6,Sport,Trim,2004-2007,2004,2007,1,Discontinued,Passenger Car,United States,Government Verified,EPA FuelEconomy.gov Vehicle Fuel Economy Dataset,https://www.fueleconomy.gov/feg/epadata/vehicles.csv,,,2026-07-18,Added - External Research (V2),No,6 Sport Wagon,Value explicit in EPA certification model strings; observed in 4 model year(s).
Mercedes-Benz,SLS AMG,GT,Trim,2013-2015,2013,2015,1,Discontinued,Passenger Car,United States,Government Verified,EPA FuelEconomy.gov Vehicle Fuel Economy Dataset,https://www.fueleconomy.gov/feg/epadata/vehicles.csv,,,2026-07-18,Added - External Research (V2),No,SLS AMG GT Coupe,Value explicit in EPA certification model strings; observed in 3 model year(s).
Mini,Clubman,John Cooper Works,Trim,2009-2014; 2017-2024,2009,2024,2,Discontinued,Passenger Car,United States,Government Verified,EPA FuelEconomy.gov Vehicle Fuel Economy Dataset,https://www.fueleconomy.gov/feg/epadata/vehicles.csv,,,2026-07-18,Added - External Research (V2),No,John Cooper Works Clubman,Value explicit in EPA certification model strings; observed in 14 model year(s).
Mini,Convertible,JCW,Trim,2011-2014; 2025-2026,2011,2026,2,Active,Passenger Car,United States,Fully Verified,EPA FuelEconomy.gov Vehicle Fuel Economy Dataset,https://www.fueleconomy.gov/feg/epadata/vehicles.csv,NHTSA Product Information Catalog (vehicle products API),https://api.nhtsa.gov/products/vehicle/models?modelYear=2011&make=MINI&issueType=r,2026-07-18,Added - External Research (V2),No,JCW CONVERTIBLE,Value explicit in EPA certification model strings and NHTSA recall records; observed in 6 model year(s).
Mini,Convertible,John Cooper Works,Trim,2009-2015; 2017-2024,2009,2024,2,Discontinued,Passenger Car,United States,Government Verified,EPA FuelEconomy.gov Vehicle Fuel Economy Dataset,https://www.fueleconomy.gov/feg/epadata/vehicles.csv,,,2026-07-18,Added - External Research (V2),No,John Cooper Works Convertible,Value explicit in EPA certification model strings; observed in 15 model year(s).
Mini,Cooper,JCW,Trim,2015; 2017; 2026,2015,2026,3,Active,Passenger Car,United States,Fully Verified,EPA FuelEconomy.gov Vehicle Fuel Economy Dataset,https://www.fueleconomy.gov/feg/epadata/vehicles.csv,NHTSA Product Information Catalog (vehicle products API),https://api.nhtsa.gov/products/vehicle/models?modelYear=2015&make=MINI&issueType=r,2026-07-18,Added - External Research (V2),No,JCW,Value explicit in EPA certification model strings and NHTSA recall records; observed in 3 model year(s).
Mini,Countryman,JCW,Trim,2013-2016; 2018-2026,2013,2026,2,Active,Multiple Categories,United States,Fully Verified,EPA FuelEconomy.gov Vehicle Fuel Economy Dataset,https://www.fueleconomy.gov/feg/epadata/vehicles.csv,NHTSA Product Information Catalog (vehicle products API),https://api.nhtsa.gov/products/vehicle/models?modelYear=2013&make=MINI&issueType=r,2026-07-18,Added - External Research (V2),No,JCW COUNTRYMAN,Value explicit in EPA certification model strings and NHTSA recall records; observed in 13 model year(s).
Mini,Countryman,SE,Trim,2018-2023; 2025-2027,2018,2027,2,Active,Multiple Categories,United States,Fully Verified,EPA FuelEconomy.gov Vehicle Fuel Economy Dataset,https://www.fueleconomy.gov/feg/epadata/vehicles.csv,NHTSA Product Information Catalog (vehicle products API),https://api.nhtsa.gov/products/vehicle/models?modelYear=2018&make=MINI&issueType=r,2026-07-18,Added - External Research (V2),No,COUNTRYMAN SE,Value explicit in EPA certification model strings and NHTSA recall records; observed in 9 model year(s).
Mini,Coupe,John Cooper Works,Trim,2012-2015,2012,2015,1,Discontinued,Passenger Car,United States,Government Verified,EPA FuelEconomy.gov Vehicle Fuel Economy Dataset,https://www.fueleconomy.gov/feg/epadata/vehicles.csv,,,2026-07-18,Added - External Research (V2),No,John Cooper Works Coupe,Value explicit in EPA certification model strings; observed in 4 model year(s).
Mini,Hardtop,JCW,Trim,2011-2013; 2016; 2025,2011,2025,3,Active,Passenger Car,United States,Fully Verified,EPA FuelEconomy.gov Vehicle Fuel Economy Dataset,https://www.fueleconomy.gov/feg/epadata/vehicles.csv,NHTSA Product Information Catalog (vehicle products API),https://api.nhtsa.gov/products/vehicle/models?modelYear=2011&make=MINI&issueType=r,2026-07-18,Added - External Research (V2),No,COOPER JCW HARDTOP,Value explicit in EPA certification model strings and NHTSA recall records; observed in 5 model year(s).
Mini,Hardtop,John Cooper Works,Trim,2015-2024,2015,2024,1,Discontinued,Passenger Car,United States,Government Verified,EPA FuelEconomy.gov Vehicle Fuel Economy Dataset,https://www.fueleconomy.gov/feg/epadata/vehicles.csv,,,2026-07-18,Added - External Research (V2),No,John Cooper Works Hardtop,Value explicit in EPA certification model strings; observed in 10 model year(s).
Mini,Hardtop,SE,Trim,2020-2024,2020,2024,1,Discontinued,Passenger Car,United States,Government Verified,EPA FuelEconomy.gov Vehicle Fuel Economy Dataset,https://www.fueleconomy.gov/feg/epadata/vehicles.csv,,,2026-07-18,Added - External Research (V2),No,Cooper SE Hardtop 2 door,Value explicit in EPA certification model strings; observed in 5 model year(s).
Mini,Paceman,JCW,Trim,2013-2016,2013,2016,1,Discontinued,Passenger Car,United States,Fully Verified,EPA FuelEconomy.gov Vehicle Fuel Economy Dataset,https://www.fueleconomy.gov/feg/epadata/vehicles.csv,NHTSA Product Information Catalog (vehicle products API),https://api.nhtsa.gov/products/vehicle/models?modelYear=2013&make=MINI&issueType=r,2026-07-18,Added - External Research (V2),No,JCW PACEMAN,Value explicit in EPA certification model strings and NHTSA recall records; observed in 4 model year(s).
Mini,Roadster,John Cooper Works,Trim,2012-2015,2012,2015,1,Discontinued,Passenger Car,United States,Government Verified,EPA FuelEconomy.gov Vehicle Fuel Economy Dataset,https://www.fueleconomy.gov/feg/epadata/vehicles.csv,,,2026-07-18,Added - External Research (V2),No,John Cooper Works Roadster,Value explicit in EPA certification model strings; observed in 4 model year(s).
Nissan,Altima,Platinum,Trim,2019-2022,2019,2022,1,Discontinued,Passenger Car,United States,Government Verified,EPA FuelEconomy.gov Vehicle Fuel Economy Dataset,https://www.fueleconomy.gov/feg/epadata/vehicles.csv,,,2026-07-18,Added - External Research (V2),No,Altima AWD SR/Platinum,Value explicit in EPA certification model strings; observed in 4 model year(s).
Nissan,Altima,SR,Trim,2016-2025,2016,2025,1,Active,Passenger Car,United States,Government Verified,EPA FuelEconomy.gov Vehicle Fuel Economy Dataset,https://www.fueleconomy.gov/feg/epadata/vehicles.csv,,,2026-07-18,Added - External Research (V2),No,Altima AWD SR/Platinum,Value explicit in EPA certification model strings; observed in 10 model year(s).
Nissan,JUKE,Nismo,Trim,2015-2017,2015,2017,1,Discontinued,Passenger Car,United States,Government Verified,EPA FuelEconomy.gov Vehicle Fuel Economy Dataset,https://www.fueleconomy.gov/feg/epadata/vehicles.csv,,,2026-07-18,Added - External Research (V2),No,Juke Nismo RS,Value explicit in EPA certification model strings; observed in 3 model year(s).
Nissan,JUKE,RS,Trim,2015-2017,2015,2017,1,Discontinued,Passenger Car,United States,Government Verified,EPA FuelEconomy.gov Vehicle Fuel Economy Dataset,https://www.fueleconomy.gov/feg/epadata/vehicles.csv,,,2026-07-18,Added - External Research (V2),No,Juke Nismo RS,Value explicit in EPA certification model strings; observed in 3 model year(s).
Nissan,Pathfinder,Platinum,Trim,2015-2020; 2022-2026,2015,2026,2,Active,Multiple Categories,United States,Government Verified,EPA FuelEconomy.gov Vehicle Fuel Economy Dataset,https://www.fueleconomy.gov/feg/epadata/vehicles.csv,,,2026-07-18,Added - External Research (V2),No,Pathfinder 4WD Platinum,Value explicit in EPA certification model strings; observed in 11 model year(s).
Nissan,Rogue,Platinum,Trim,2021-2025,2021,2025,1,Active,SUV/Crossover,United States,Government Verified,EPA FuelEconomy.gov Vehicle Fuel Economy Dataset,https://www.fueleconomy.gov/feg/epadata/vehicles.csv,,,2026-07-18,Added - External Research (V2),No,Rogue AWD  SV/SL/Platinum,Value explicit in EPA certification model strings; observed in 5 model year(s).
Nissan,Sentra,Nismo,Trim,2017-2019,2017,2019,1,Discontinued,Passenger Car,United States,Fully Verified,EPA FuelEconomy.gov Vehicle Fuel Economy Dataset,https://www.fueleconomy.gov/feg/epadata/vehicles.csv,NHTSA Product Information Catalog (vehicle products API),https://api.nhtsa.gov/products/vehicle/models?modelYear=2017&make=NISSAN&issueType=r,2026-07-18,Added - External Research (V2),No,SENTRA NISMO,Value explicit in EPA certification model strings and NHTSA recall records; observed in 3 model year(s).
Nissan,Sentra,SR,Trim,2019-2026,2019,2026,1,Active,Passenger Car,United States,Fully Verified,EPA FuelEconomy.gov Vehicle Fuel Economy Dataset,https://www.fueleconomy.gov/feg/epadata/vehicles.csv,NHTSA Product Information Catalog (vehicle products API),https://api.nhtsa.gov/products/vehicle/models?modelYear=2019&make=NISSAN&issueType=r,2026-07-18,Added - External Research (V2),No,SENTRA SR TURBO,Value explicit in EPA certification model strings and NHTSA recall records; observed in 8 model year(s).
Nissan,Z,Nismo,Trim,2024-2026,2024,2026,1,Active,Passenger Car,United States,Government Verified,EPA FuelEconomy.gov Vehicle Fuel Economy Dataset,https://www.fueleconomy.gov/feg/epadata/vehicles.csv,,,2026-07-18,Added - External Research (V2),No,Z NISMO,Value explicit in EPA certification model strings; observed in 3 model year(s).
Oldsmobile,Ninety-Eight,Touring,Trim,1988-1991,1988,1991,1,Discontinued,Passenger Car,United States,Government Verified,EPA FuelEconomy.gov Vehicle Fuel Economy Dataset,https://www.fueleconomy.gov/feg/epadata/vehicles.csv,,,2026-07-18,Added - External Research (V2),No,Ninety-Eight/Touring,Value explicit in EPA certification model strings; observed in 4 model year(s).
Pontiac,G5,GT,Trim,2009-2010,2009,2010,1,Discontinued,Passenger Car,United States,Government Verified,EPA FuelEconomy.gov Vehicle Fuel Economy Dataset,https://www.fueleconomy.gov/feg/epadata/vehicles.csv,,,2026-07-18,Added - External Research (V2),No,G5 GT,Value explicit in EPA certification model strings; observed in 2 model year(s).
Porsche,718 Boxster,GTS,Trim,2021-2025,2021,2025,1,Active,Passenger Car,United States,Fully Verified,EPA FuelEconomy.gov Vehicle Fuel Economy Dataset,https://www.fueleconomy.gov/feg/epadata/vehicles.csv,NHTSA Product Information Catalog (vehicle products API),https://api.nhtsa.gov/products/vehicle/models?modelYear=2021&make=PORSCHE&issueType=r,2026-07-18,Added - External Research (V2),No,718 BOXSTER GTS 4.0,Value explicit in EPA certification model strings and NHTSA recall records; observed in 5 model year(s).
Porsche,718 Boxster,RS,Trim,2024-2025,2024,2025,1,Active,Passenger Car,United States,Government Verified,EPA FuelEconomy.gov Vehicle Fuel Economy Dataset,https://www.fueleconomy.gov/feg/epadata/vehicles.csv,,,2026-07-18,Added - External Research (V2),No,718 Spyder RS,Value explicit in EPA certification model strings; observed in 2 model year(s).
Porsche,718 Cayman,GTS,Trim,2019; 2021-2025,2019,2025,2,Active,Passenger Car,United States,Fully Verified,EPA FuelEconomy.gov Vehicle Fuel Economy Dataset,https://www.fueleconomy.gov/feg/epadata/vehicles.csv,NHTSA Product Information Catalog (vehicle products API),https://api.nhtsa.gov/products/vehicle/models?modelYear=2019&make=PORSCHE&issueType=r,2026-07-18,Added - External Research (V2),No,718 CAYMAN GTS,Value explicit in EPA certification model strings and NHTSA recall records; observed in 6 model year(s).
Porsche,718 GT4,RS,Trim,2023-2025,2023,2025,1,Active,Passenger Car,United States,Government Verified,EPA FuelEconomy.gov Vehicle Fuel Economy Dataset,https://www.fueleconomy.gov/feg/epadata/vehicles.csv,,,2026-07-18,Added - External Research (V2),No,718 GT4 RS,Value explicit in EPA certification model strings; observed in 3 model year(s).
Porsche,911,GTS,Trim,2011-2012; 2015-2019; 2022-2026,2011,2026,3,Active,Passenger Car,United States,Fully Verified,EPA FuelEconomy.gov Vehicle Fuel Economy Dataset,https://www.fueleconomy.gov/feg/epadata/vehicles.csv,NHTSA Product Information Catalog (vehicle products API),https://api.nhtsa.gov/products/vehicle/models?modelYear=2011&make=PORSCHE&issueType=r,2026-07-18,Added - External Research (V2),No,911 C4 GTS,Value explicit in EPA certification model strings and NHTSA recall records; observed in 12 model year(s).
Porsche,911,RS,Trim,2007-2008; 2010-2011; 2015-2016; 2018-2019; 2023-2024,2007,2024,5,Discontinued,Passenger Car,United States,Fully Verified,EPA FuelEconomy.gov Vehicle Fuel Economy Dataset,https://www.fueleconomy.gov/feg/epadata/vehicles.csv,NHTSA Product Information Catalog (vehicle products API),https://api.nhtsa.gov/products/vehicle/models?modelYear=2007&make=PORSCHE&issueType=r,2026-07-18,Added - External Research (V2),No,911 GT2 RS,Value explicit in EPA certification model strings and NHTSA recall records; observed in 10 model year(s).
Porsche,911,Sport,Trim,2023,2023,2023,1,Discontinued,Passenger Car,United States,Fully Verified,EPA FuelEconomy.gov Vehicle Fuel Economy Dataset,https://www.fueleconomy.gov/feg/epadata/vehicles.csv,NHTSA Product Information Catalog (vehicle products API),https://api.nhtsa.gov/products/vehicle/models?modelYear=2023&make=PORSCHE&issueType=r,2026-07-18,Added - External Research (V2),No,911 SPORT CLASSIC II,Value explicit in EPA certification model strings and NHTSA recall records; observed in 1 model year(s).
Porsche,911,Touring,Trim,2018-2019; 2022-2024; 2026,2018,2026,3,Active,Passenger Car,United States,Fully Verified,EPA FuelEconomy.gov Vehicle Fuel Economy Dataset,https://www.fueleconomy.gov/feg/epadata/vehicles.csv,NHTSA Product Information Catalog (vehicle products API),https://api.nhtsa.gov/products/vehicle/models?modelYear=2018&make=PORSCHE&issueType=r,2026-07-18,Added - External Research (V2),No,911 GT3 TOURING,Value explicit in EPA certification model strings and NHTSA recall records; observed in 6 model year(s).
Porsche,928,GTS,Trim,1993-1995,1993,1995,1,Discontinued,Passenger Car,United States,Government Verified,EPA FuelEconomy.gov Vehicle Fuel Economy Dataset,https://www.fueleconomy.gov/feg/epadata/vehicles.csv,,,2026-07-18,Added - External Research (V2),No,928 GTS,Value explicit in EPA certification model strings; observed in 3 model year(s).
Porsche,Boxster,GTS,Trim,2015-2016; 2018-2019,2015,2019,2,Discontinued,Passenger Car,United States,Fully Verified,EPA FuelEconomy.gov Vehicle Fuel Economy Dataset,https://www.fueleconomy.gov/feg/epadata/vehicles.csv,NHTSA Product Information Catalog (vehicle products API),https://api.nhtsa.gov/products/vehicle/models?modelYear=2015&make=PORSCHE&issueType=r,2026-07-18,Added - External Research (V2),No,BOXSTER GTS,Value explicit in EPA certification model strings and NHTSA recall records; observed in 4 model year(s).
Porsche,Cayenne,GT,Trim,2022-2023; 2025-2026,2022,2026,2,Active,SUV/Crossover,United States,Government Verified,EPA FuelEconomy.gov Vehicle Fuel Economy Dataset,https://www.fueleconomy.gov/feg/epadata/vehicles.csv,,,2026-07-18,Added - External Research (V2),No,Cayenne Turbo GT,Value explicit in EPA certification model strings; observed in 4 model year(s).
Porsche,Cayenne,GTS,Trim,2008-2010; 2012-2018; 2021-2023; 2025-2026,2008,2026,4,Active,SUV/Crossover,United States,Fully Verified,EPA FuelEconomy.gov Vehicle Fuel Economy Dataset,https://www.fueleconomy.gov/feg/epadata/vehicles.csv,NHTSA Product Information Catalog (vehicle products API),https://api.nhtsa.gov/products/vehicle/models?modelYear=2008&make=PORSCHE&issueType=r,2026-07-18,Added - External Research (V2),No,CAYENNE GTS,Value explicit in EPA certification model strings and NHTSA recall records; observed in 15 model year(s).
Porsche,Cayenne,Platinum,Trim,2017-2018; 2023,2017,2023,2,Discontinued,SUV/Crossover,United States,Fully Verified,EPA FuelEconomy.gov Vehicle Fuel Economy Dataset,https://www.fueleconomy.gov/feg/epadata/vehicles.csv,NHTSA Product Information Catalog (vehicle products API),https://api.nhtsa.gov/products/vehicle/models?modelYear=2017&make=PORSCHE&issueType=r,2026-07-18,Added - External Research (V2),No,CAYENNE COUPE PLATINUM EDITION,Value explicit in EPA certification model strings and NHTSA recall records; observed in 3 model year(s).
Porsche,Cayman,GTS,Trim,2015-2016; 2018-2019,2015,2019,2,Discontinued,Passenger Car,United States,Fully Verified,EPA FuelEconomy.gov Vehicle Fuel Economy Dataset,https://www.fueleconomy.gov/feg/epadata/vehicles.csv,NHTSA Product Information Catalog (vehicle products API),https://api.nhtsa.gov/products/vehicle/models?modelYear=2015&make=PORSCHE&issueType=r,2026-07-18,Added - External Research (V2),No,CAYMAN GTS,Value explicit in EPA certification model strings and NHTSA recall records; observed in 4 model year(s).
Porsche,Macan,GTS,Trim,2017-2018; 2020-2026,2017,2026,2,Active,SUV/Crossover,United States,Fully Verified,EPA FuelEconomy.gov Vehicle Fuel Economy Dataset,https://www.fueleconomy.gov/feg/epadata/vehicles.csv,NHTSA Product Information Catalog (vehicle products API),https://api.nhtsa.gov/products/vehicle/models?modelYear=2017&make=PORSCHE&issueType=r,2026-07-18,Added - External Research (V2),No,MACAN GTS,Value explicit in EPA certification model strings and NHTSA recall records; observed in 9 model year(s).
Porsche,Panamera,GTS,Trim,2013-2016; 2019-2023; 2025,2013,2025,3,Active,Passenger Car,United States,Fully Verified,EPA FuelEconomy.gov Vehicle Fuel Economy Dataset,https://www.fueleconomy.gov/feg/epadata/vehicles.csv,NHTSA Product Information Catalog (vehicle products API),https://api.nhtsa.gov/products/vehicle/models?modelYear=2013&make=PORSCHE&issueType=r,2026-07-18,Added - External Research (V2),No,PANAMERA GTS,Value explicit in EPA certification model strings and NHTSA recall records; observed in 10 model year(s).
Porsche,Taycan,GT,Trim,2025-2026,2025,2026,1,Active,Passenger Car,United States,Government Verified,EPA FuelEconomy.gov Vehicle Fuel Economy Dataset,https://www.fueleconomy.gov/feg/epadata/vehicles.csv,,,2026-07-18,Added - External Research (V2),No,Taycan Turbo GT,Value explicit in EPA certification model strings; observed in 2 model year(s).
Porsche,Taycan,GTS,Trim,2022-2026,2022,2026,1,Active,Passenger Car,United States,Government Verified,EPA FuelEconomy.gov Vehicle Fuel Economy Dataset,https://www.fueleconomy.gov/feg/epadata/vehicles.csv,,,2026-07-18,Added - External Research (V2),No,Taycan GTS,Value explicit in EPA certification model strings; observed in 5 model year(s).
Porsche,Taycan,Sport,Trim,2023-2026,2023,2026,1,Active,Passenger Car,United States,Government Verified,EPA FuelEconomy.gov Vehicle Fuel Economy Dataset,https://www.fueleconomy.gov/feg/epadata/vehicles.csv,,,2026-07-18,Added - External Research (V2),No,Taycan GTS Sport Turismo,Value explicit in EPA certification model strings; observed in 4 model year(s).
Ram,1500,TRX,Sub-model,2021-2024,2021,2024,1,Discontinued,Pickup Truck,United States,Fully Verified,EPA FuelEconomy.gov Vehicle Fuel Economy Dataset,https://www.fueleconomy.gov/feg/epadata/vehicles.csv,NHTSA Product Information Catalog (vehicle products API),https://api.nhtsa.gov/products/vehicle/models?modelYear=2021&make=RAM&issueType=r,2026-07-18,Added - External Research (V2),No,1500 CREW CAB TRX,Value explicit in EPA certification model strings and NHTSA recall records; observed in 4 model year(s).
Saab,9-3,Sport,Trim,2003-2012,2003,2012,1,Discontinued,Passenger Car,United States,Government Verified,EPA FuelEconomy.gov Vehicle Fuel Economy Dataset,https://www.fueleconomy.gov/feg/epadata/vehicles.csv,,,2026-07-18,Added - External Research (V2),No,9-3 Sport Sedan,Value explicit in EPA certification model strings; observed in 10 model year(s).
Suzuki,Sidekick,Sport,Trim,1996-1998,1996,1998,1,Discontinued,SUV/Crossover,United States,Fully Verified,EPA FuelEconomy.gov Vehicle Fuel Economy Dataset,https://www.fueleconomy.gov/feg/epadata/vehicles.csv,NHTSA Product Information Catalog (vehicle products API),https://api.nhtsa.gov/products/vehicle/models?modelYear=1996&make=SUZUKI&issueType=r,2026-07-18,Added - External Research (V2),No,SIDEKICK SPORT,Value explicit in EPA certification model strings and NHTSA recall records; observed in 3 model year(s).
Suzuki,Swift,GT,Trim,1990-1994,1990,1994,1,Discontinued,Passenger Car,United States,Government Verified,EPA FuelEconomy.gov Vehicle Fuel Economy Dataset,https://www.fueleconomy.gov/feg/epadata/vehicles.csv,,,2026-07-18,Added - External Research (V2),No,Swift GT,Value explicit in EPA certification model strings; observed in 5 model year(s).
Suzuki,SX4,Anniversary,Edition,2011,2011,2011,1,Discontinued,Passenger Car,United States,Government Verified,EPA FuelEconomy.gov Vehicle Fuel Economy Dataset,https://www.fueleconomy.gov/feg/epadata/vehicles.csv,,,2026-07-18,Added - External Research (V2),No,SX4 Sport/Anniversary Edition,Value explicit in EPA certification model strings; observed in 1 model year(s).
Suzuki,SX4,Sport,Trim,2009-2013,2009,2013,1,Discontinued,Passenger Car,United States,Government Verified,EPA FuelEconomy.gov Vehicle Fuel Economy Dataset,https://www.fueleconomy.gov/feg/epadata/vehicles.csv,,,2026-07-18,Added - External Research (V2),No,SX4 Sport,Value explicit in EPA certification model strings; observed in 5 model year(s).
Toyota,Avalon,XLE,Trim,2019-2022,2019,2022,1,Discontinued,Passenger Car,United States,Government Verified,EPA FuelEconomy.gov Vehicle Fuel Economy Dataset,https://www.fueleconomy.gov/feg/epadata/vehicles.csv,,,2026-07-18,Added - External Research (V2),No,Avalon Hybrid XLE,Value explicit in EPA certification model strings; observed in 4 model year(s).
Toyota,bZ,Limited,Trim,2026,2026,2026,1,Active,SUV/Crossover,United States,Government Verified,EPA FuelEconomy.gov Vehicle Fuel Economy Dataset,https://www.fueleconomy.gov/feg/epadata/vehicles.csv,,,2026-07-18,Added - External Research (V2),No,bZ AWD LIMITED,Value explicit in EPA certification model strings; observed in 1 model year(s).
Toyota,bZ4X,Limited,Trim,2023-2025,2023,2025,1,Active,SUV/Crossover,United States,Government Verified,EPA FuelEconomy.gov Vehicle Fuel Economy Dataset,https://www.fueleconomy.gov/feg/epadata/vehicles.csv,,,2026-07-18,Added - External Research (V2),No,bZ4X LIMITED,Value explicit in EPA certification model strings; observed in 3 model year(s).
Toyota,Camry,LE,Trim,2012-2026,2012,2026,1,Active,Passenger Car,United States,Government Verified,EPA FuelEconomy.gov Vehicle Fuel Economy Dataset,https://www.fueleconomy.gov/feg/epadata/vehicles.csv,,,2026-07-18,Added - External Research (V2),No,Camry AWD LE/SE,Value explicit in EPA certification model strings; observed in 15 model year(s).
Toyota,Camry,SE,Trim,2014-2026,2014,2026,1,Active,Passenger Car,United States,Government Verified,EPA FuelEconomy.gov Vehicle Fuel Economy Dataset,https://www.fueleconomy.gov/feg/epadata/vehicles.csv,,,2026-07-18,Added - External Research (V2),No,Camry AWD LE/SE,Value explicit in EPA certification model strings; observed in 13 model year(s).
Toyota,Camry,XLE,Trim,2012-2026,2012,2026,1,Active,Passenger Car,United States,Government Verified,EPA FuelEconomy.gov Vehicle Fuel Economy Dataset,https://www.fueleconomy.gov/feg/epadata/vehicles.csv,,,2026-07-18,Added - External Research (V2),No,Camry AWD XLE/XSE,Value explicit in EPA certification model strings; observed in 15 model year(s).
Toyota,Camry,XSE,Trim,2018-2026,2018,2026,1,Active,Passenger Car,United States,Government Verified,EPA FuelEconomy.gov Vehicle Fuel Economy Dataset,https://www.fueleconomy.gov/feg/epadata/vehicles.csv,,,2026-07-18,Added - External Research (V2),No,Camry AWD XLE/XSE,Value explicit in EPA certification model strings; observed in 9 model year(s).
Toyota,Corolla,LE,Trim,2014-2019,2014,2019,1,Discontinued,Passenger Car,United States,Government Verified,EPA FuelEconomy.gov Vehicle Fuel Economy Dataset,https://www.fueleconomy.gov/feg/epadata/vehicles.csv,,,2026-07-18,Added - External Research (V2),No,Corolla LE Eco,Value explicit in EPA certification model strings; observed in 6 model year(s).
Toyota,Corolla,SE,Trim,2026,2026,2026,1,Active,Passenger Car,United States,Government Verified,EPA FuelEconomy.gov Vehicle Fuel Economy Dataset,https://www.fueleconomy.gov/feg/epadata/vehicles.csv,,,2026-07-18,Added - External Research (V2),No,Corolla Hybrid SE,Value explicit in EPA certification model strings; observed in 1 model year(s).
Toyota,Corolla,Sport,Trim,1984-1987,1984,1987,1,Discontinued,Passenger Car,United States,Government Verified,EPA FuelEconomy.gov Vehicle Fuel Economy Dataset,https://www.fueleconomy.gov/feg/epadata/vehicles.csv,,,2026-07-18,Added - External Research (V2),No,Corolla Sport,Value explicit in EPA certification model strings; observed in 4 model year(s).
Toyota,Corolla,XLE,Trim,2020-2022,2020,2022,1,Discontinued,Passenger Car,United States,Government Verified,EPA FuelEconomy.gov Vehicle Fuel Economy Dataset,https://www.fueleconomy.gov/feg/epadata/vehicles.csv,,,2026-07-18,Added - External Research (V2),No,Corolla XLE,Value explicit in EPA certification model strings; observed in 3 model year(s).
Toyota,Corolla,XSE,Trim,2019-2026,2019,2026,1,Active,Passenger Car,United States,Government Verified,EPA FuelEconomy.gov Vehicle Fuel Economy Dataset,https://www.fueleconomy.gov/feg/epadata/vehicles.csv,,,2026-07-18,Added - External Research (V2),No,Corolla Hatchback XSE,Value explicit in EPA certification model strings; observed in 8 model year(s).
Toyota,Grand Highlander,LE,Trim,2024-2026,2024,2026,1,Active,SUV/Crossover,United States,Government Verified,EPA FuelEconomy.gov Vehicle Fuel Economy Dataset,https://www.fueleconomy.gov/feg/epadata/vehicles.csv,,,2026-07-18,Added - External Research (V2),No,Grand Highlander AWD LE/XLE,Value explicit in EPA certification model strings; observed in 3 model year(s).
Toyota,Grand Highlander,Limited,Trim,2024-2026,2024,2026,1,Active,SUV/Crossover,United States,Government Verified,EPA FuelEconomy.gov Vehicle Fuel Economy Dataset,https://www.fueleconomy.gov/feg/epadata/vehicles.csv,,,2026-07-18,Added - External Research (V2),No,Grand Highlander AWD Limited/Platinum,Value explicit in EPA certification model strings; observed in 3 model year(s).
Toyota,Grand Highlander,Platinum,Trim,2024-2026,2024,2026,1,Active,SUV/Crossover,United States,Government Verified,EPA FuelEconomy.gov Vehicle Fuel Economy Dataset,https://www.fueleconomy.gov/feg/epadata/vehicles.csv,,,2026-07-18,Added - External Research (V2),No,Grand Highlander AWD Limited/Platinum,Value explicit in EPA certification model strings; observed in 3 model year(s).
Toyota,Grand Highlander,XLE,Trim,2024-2026,2024,2026,1,Active,SUV/Crossover,United States,Government Verified,EPA FuelEconomy.gov Vehicle Fuel Economy Dataset,https://www.fueleconomy.gov/feg/epadata/vehicles.csv,,,2026-07-18,Added - External Research (V2),No,Grand Highlander AWD LE/XLE,Value explicit in EPA certification model strings; observed in 3 model year(s).
Toyota,Highlander,LE,Trim,2014-2019,2014,2019,1,Discontinued,SUV/Crossover,United States,Government Verified,EPA FuelEconomy.gov Vehicle Fuel Economy Dataset,https://www.fueleconomy.gov/feg/epadata/vehicles.csv,,,2026-07-18,Added - External Research (V2),No,Highlander AWD LE,Value explicit in EPA certification model strings; observed in 6 model year(s).
Toyota,Highlander,SE,Trim,2017-2019,2017,2019,1,Discontinued,SUV/Crossover,United States,Government Verified,EPA FuelEconomy.gov Vehicle Fuel Economy Dataset,https://www.fueleconomy.gov/feg/epadata/vehicles.csv,,,2026-07-18,Added - External Research (V2),No,Highlander LE/XLE/SE/LTD,Value explicit in EPA certification model strings; observed in 3 model year(s).
Toyota,Highlander,XLE,Trim,2017-2019,2017,2019,1,Discontinued,SUV/Crossover,United States,Government Verified,EPA FuelEconomy.gov Vehicle Fuel Economy Dataset,https://www.fueleconomy.gov/feg/epadata/vehicles.csv,,,2026-07-18,Added - External Research (V2),No,Highlander LE/XLE/SE/LTD,Value explicit in EPA certification model strings; observed in 3 model year(s).
Toyota,Mirai,LE,Trim,2022-2023,2022,2023,1,Discontinued,Passenger Car,United States,Government Verified,EPA FuelEconomy.gov Vehicle Fuel Economy Dataset,https://www.fueleconomy.gov/feg/epadata/vehicles.csv,,,2026-07-18,Added - External Research (V2),No,Mirai LE,Value explicit in EPA certification model strings; observed in 2 model year(s).
Toyota,Mirai,Limited,Trim,2021-2024,2021,2024,1,Discontinued,Passenger Car,United States,Government Verified,EPA FuelEconomy.gov Vehicle Fuel Economy Dataset,https://www.fueleconomy.gov/feg/epadata/vehicles.csv,,,2026-07-18,Added - External Research (V2),No,Mirai Limited,Value explicit in EPA certification model strings; observed in 4 model year(s).
Toyota,Mirai,XLE,Trim,2021-2025,2021,2025,1,Active,Passenger Car,United States,Government Verified,EPA FuelEconomy.gov Vehicle Fuel Economy Dataset,https://www.fueleconomy.gov/feg/epadata/vehicles.csv,,,2026-07-18,Added - External Research (V2),No,Mirai XLE,Value explicit in EPA certification model strings; observed in 5 model year(s).
Toyota,Prius,SE,Trim,2025,2025,2025,1,Active,Passenger Car,United States,Government Verified,EPA FuelEconomy.gov Vehicle Fuel Economy Dataset,https://www.fueleconomy.gov/feg/epadata/vehicles.csv,,,2026-07-18,Added - External Research (V2),No,Prius PHEV SE,Value explicit in EPA certification model strings; observed in 1 model year(s).
Toyota,Prius,XLE,Trim,2023-2026,2023,2026,1,Active,Passenger Car,United States,Government Verified,EPA FuelEconomy.gov Vehicle Fuel Economy Dataset,https://www.fueleconomy.gov/feg/epadata/vehicles.csv,,,2026-07-18,Added - External Research (V2),No,Prius AWD XLE/LTD,Value explicit in EPA certification model strings; observed in 4 model year(s).
Toyota,Prius Prime,SE,Trim,2023-2024,2023,2024,1,Discontinued,Passenger Car,United States,Government Verified,EPA FuelEconomy.gov Vehicle Fuel Economy Dataset,https://www.fueleconomy.gov/feg/epadata/vehicles.csv,,,2026-07-18,Added - External Research (V2),No,Prius Prime SE,Value explicit in EPA certification model strings; observed in 2 model year(s).
Toyota,RAV4,LE,Trim,2015-2018; 2020-2026,2015,2026,2,Active,SUV/Crossover,United States,Government Verified,EPA FuelEconomy.gov Vehicle Fuel Economy Dataset,https://www.fueleconomy.gov/feg/epadata/vehicles.csv,,,2026-07-18,Added - External Research (V2),No,RAV4 AWD LE,Value explicit in EPA certification model strings; observed in 11 model year(s).
Toyota,RAV4,Limited,Trim,2013-2018; 2026,2013,2026,2,Active,SUV/Crossover,United States,Government Verified,EPA FuelEconomy.gov Vehicle Fuel Economy Dataset,https://www.fueleconomy.gov/feg/epadata/vehicles.csv,,,2026-07-18,Added - External Research (V2),No,RAV4 AWD Limited & XSE,Value explicit in EPA certification model strings; observed in 7 model year(s).
Toyota,RAV4,SE,Trim,2016-2018; 2026,2016,2026,2,Active,SUV/Crossover,United States,Government Verified,EPA FuelEconomy.gov Vehicle Fuel Economy Dataset,https://www.fueleconomy.gov/feg/epadata/vehicles.csv,,,2026-07-18,Added - External Research (V2),No,RAV4 AWD SE & LE,Value explicit in EPA certification model strings; observed in 4 model year(s).
Toyota,RAV4,XLE,Trim,2015-2018; 2026,2015,2026,2,Active,SUV/Crossover,United States,Government Verified,EPA FuelEconomy.gov Vehicle Fuel Economy Dataset,https://www.fueleconomy.gov/feg/epadata/vehicles.csv,,,2026-07-18,Added - External Research (V2),No,RAV4 AWD XLE,Value explicit in EPA certification model strings; observed in 5 model year(s).
Toyota,RAV4,XSE,Trim,2026,2026,2026,1,Active,SUV/Crossover,United States,Government Verified,EPA FuelEconomy.gov Vehicle Fuel Economy Dataset,https://www.fueleconomy.gov/feg/epadata/vehicles.csv,,,2026-07-18,Added - External Research (V2),No,RAV4 AWD Limited & XSE,Value explicit in EPA certification model strings; observed in 1 model year(s).
Toyota,Tacoma,Limited,Trim,2024-2026,2024,2026,1,Active,Pickup Truck,United States,Government Verified,EPA FuelEconomy.gov Vehicle Fuel Economy Dataset,https://www.fueleconomy.gov/feg/epadata/vehicles.csv,,,2026-07-18,Added - External Research (V2),No,Tacoma SR5/Sport/Off-Road/Limited 4WD,Value explicit in EPA certification model strings; observed in 3 model year(s).
Toyota,Tacoma,Sport,Trim,2024-2026,2024,2026,1,Active,Pickup Truck,United States,Government Verified,EPA FuelEconomy.gov Vehicle Fuel Economy Dataset,https://www.fueleconomy.gov/feg/epadata/vehicles.csv,,,2026-07-18,Added - External Research (V2),No,Tacoma SR5/Sport/Off-Road/Limited 4WD,Value explicit in EPA certification model strings; observed in 3 model year(s).
Toyota,Tacoma,SR5,Trim,2024-2026,2024,2026,1,Active,Pickup Truck,United States,Government Verified,EPA FuelEconomy.gov Vehicle Fuel Economy Dataset,https://www.fueleconomy.gov/feg/epadata/vehicles.csv,,,2026-07-18,Added - External Research (V2),No,Tacoma SR5/Sport/Off-Road/Limited 4WD,Value explicit in EPA certification model strings; observed in 3 model year(s).
Volkswagen,Atlas,SE,Trim,2024-2026,2024,2026,1,Active,SUV/Crossover,United States,Government Verified,EPA FuelEconomy.gov Vehicle Fuel Economy Dataset,https://www.fueleconomy.gov/feg/epadata/vehicles.csv,,,2026-07-18,Added - External Research (V2),No,Atlas SE 4motion,Value explicit in EPA certification model strings; observed in 3 model year(s).
Volkswagen,Jetta,SE,Trim,2022-2026,2022,2026,1,Active,Passenger Car,United States,Government Verified,EPA FuelEconomy.gov Vehicle Fuel Economy Dataset,https://www.fueleconomy.gov/feg/epadata/vehicles.csv,,,2026-07-18,Added - External Research (V2),No,Jetta SE/SEL,Value explicit in EPA certification model strings; observed in 5 model year(s).
Volkswagen,Jetta,Sport,Trim,2023-2026,2023,2026,1,Active,Passenger Car,United States,Government Verified,EPA FuelEconomy.gov Vehicle Fuel Economy Dataset,https://www.fueleconomy.gov/feg/epadata/vehicles.csv,,,2026-07-18,Added - External Research (V2),No,Jetta Sport/SE/SEL,Value explicit in EPA certification model strings; observed in 4 model year(s).
Volkswagen,Tiguan,Limited,Trim,2018,2018,2018,1,Discontinued,SUV/Crossover,United States,Fully Verified,EPA FuelEconomy.gov Vehicle Fuel Economy Dataset,https://www.fueleconomy.gov/feg/epadata/vehicles.csv,NHTSA Product Information Catalog (vehicle products API),https://api.nhtsa.gov/products/vehicle/models?modelYear=2018&make=VOLKSWAGEN&issueType=r,2026-07-18,Added - External Research (V2),No,TIGUAN LIMITED,Value explicit in EPA certification model strings and NHTSA recall records; observed in 1 model year(s).
Volvo,940,SE,Trim,1991,1991,1991,1,Discontinued,Passenger Car,United States,Government Verified,EPA FuelEconomy.gov Vehicle Fuel Economy Dataset,https://www.fueleconomy.gov/feg/epadata/vehicles.csv,,,2026-07-18,Added - External Research (V2),No,940 SE,Value explicit in EPA certification model strings; observed in 1 model year(s).
